"First Name","Last Name","Email"
"Adam","Ellis","a.ellis@randatmail.com"
"Belinda","Elliott","b.elliott@randatmail.com"
"Sawyer","Turner","s.turner@randatmail.com"
"Chloe","Barrett","c.barrett@randatmail.com"
"Madaline","Moore","m.moore@randatmail.com"
"Valeria","Warren","v.warren@randatmail.com"
"Paige","Thompson","p.thompson@randatmail.com"
"Julia","Thomas","j.thomas@randatmail.com"
"Brooke","Fowler","b.fowler@randatmail.com"
"Olivia","Barnes","o.barnes@randatmail.com"
"Oscar","Casey","o.casey@randatmail.com"
"Alen","Ferguson","a.ferguson@randatmail.com"
"Haris","Brooks","h.brooks@randatmail.com"
"Harold","Watson","h.watson@randatmail.com"
"Kirsten","Morgan","k.morgan@randatmail.com"
"Marcus","Crawford","m.crawford@randatmail.com"
"Sophia","Smith","s.smith@randatmail.com"
"Oscar","Henderson","o.henderson@randatmail.com"
"Adison","Bailey","a.bailey@randatmail.com"
"Adrianna","Hall","a.hall@randatmail.com"
"Kelvin","Cunningham","k.cunningham@randatmail.com"
"Chester","Russell","c.russell@randatmail.com"
"Daisy","Morris","d.morris@randatmail.com"
"Victoria","Richards","v.richards@randatmail.com"
"Brooke","Riley","b.riley@randatmail.com"
"Samantha","Holmes","s.holmes@randatmail.com"
"Catherine","Ryan","c.ryan@randatmail.com"
"Alen","Thomas","a.thomas@randatmail.com"
"Daisy","Scott","d.scott@randatmail.com"
"Sam","Kelly","s.kelly@randatmail.com"
"Mary","Thomas","m.thomas@randatmail.com"
"Rafael","Myers","r.myers@randatmail.com"
"Martin","Robinson","m.robinson@randatmail.com"
"Belinda","Higgins","b.higgins@randatmail.com"
"Fiona","Armstrong","f.armstrong@randatmail.com"
"Edwin","Scott","e.scott@randatmail.com"
"Penelope","Tucker","p.tucker@randatmail.com"
"Mary","Kelly","m.kelly@randatmail.com"
"Evelyn","Hawkins","e.hawkins@randatmail.com"
"Chloe","Phillips","c.phillips@randatmail.com"
"Brianna","Hill","b.hill@randatmail.com"
"Arianna","Cole","a.cole@randatmail.com"
"Violet","Thomas","v.thomas@randatmail.com"
"Emma","Johnston","e.johnston@randatmail.com"
"James","Mason","j.mason@randatmail.com"
"Daniel","Miller","d.miller@randatmail.com"
"Savana","Fowler","s.fowler@randatmail.com"
"Edgar","Cunningham","e.cunningham@randatmail.com"
"Edith","Crawford","e.crawford@randatmail.com"
"Edwin","Morrison","e.morrison@randatmail.com"
"Adrianna","Douglas","a.douglas@randatmail.com"
"Adrianna","Campbell","a.campbell@randatmail.com"
"Miranda","Mitchell","m.mitchell@randatmail.com"
"Aston","Cunningham","a.cunningham@randatmail.com"
"Carl","Holmes","c.holmes@randatmail.com"
"Lyndon","Parker","l.parker@randatmail.com"
"Eddy","Andrews","e.andrews@randatmail.com"
"Ada","Casey","a.casey@randatmail.com"
"Dainton","Tucker","d.tucker@randatmail.com"
"Maya","Wright","m.wright@randatmail.com"
"Sydney","Ellis","s.ellis@randatmail.com"
"Julian","Moore","j.moore@randatmail.com"
"Agata","Higgins","a.higgins@randatmail.com"
"Rosie","Scott","r.scott@randatmail.com"
"Adison","Elliott","a.elliott@randatmail.com"
"Honey","Murphy","h.murphy@randatmail.com"
"Annabella","Jones","a.jones@randatmail.com"
"Annabella","Myers","a.myers@randatmail.com"
"Stella","Dixon","s.dixon@randatmail.com"
"Ada","Elliott","a.elliott@randatmail.com"
"Alexander","Tucker","a.tucker@randatmail.com"
"Madaline","Perry","m.perry@randatmail.com"
"Owen","Harris","o.harris@randatmail.com"
"Adele","Richardson","a.richardson@randatmail.com"
"Adison","Lloyd","a.lloyd@randatmail.com"
"Honey","Holmes","h.holmes@randatmail.com"
"Melanie","Bailey","m.bailey@randatmail.com"
"Alberta","Cameron","a.cameron@randatmail.com"
"Andrew","Carter","a.carter@randatmail.com"
"Rafael","Farrell","r.farrell@randatmail.com"
"David","Ryan","d.ryan@randatmail.com"
"Henry","Russell","h.russell@randatmail.com"
"Max","Moore","m.moore@randatmail.com"
"Maya","Spencer","m.spencer@randatmail.com"
"Savana","Cunningham","s.cunningham@randatmail.com"
"Dainton","Ferguson","d.ferguson@randatmail.com"
"Agata","Riley","a.riley@randatmail.com"
"Patrick","Morrison","p.morrison@randatmail.com"
"Ada","Harris","a.harris@randatmail.com"
"Vincent","Lloyd","v.lloyd@randatmail.com"
"Sam","Kelley","s.kelley@randatmail.com"
"Valeria","Reed","v.reed@randatmail.com"
"Aldus","Foster","a.foster@randatmail.com"
"Heather","Nelson","h.nelson@randatmail.com"
"Martin","Spencer","m.spencer@randatmail.com"
"Richard","Cole","r.cole@randatmail.com"
"Natalie","Parker","n.parker@randatmail.com"
"Chelsea","Perkins","c.perkins@randatmail.com"
"Savana","Stevens","s.stevens@randatmail.com"
"Cherry","Stewart","c.stewart@randatmail.com"
"Natalie","Thomas","n.thomas@randatmail.com"
"Lydia","Dixon","l.dixon@randatmail.com"
"Albert","Nelson","a.nelson@randatmail.com"
"Sofia","Ellis","s.ellis@randatmail.com"
"Haris","Clark","h.clark@randatmail.com"
"Kirsten","Ryan","k.ryan@randatmail.com"
"Lucia","Walker","l.walker@randatmail.com"
"Isabella","Hunt","i.hunt@randatmail.com"
"Freddie","Owens","f.owens@randatmail.com"
"Lana","Wells","l.wells@randatmail.com"
"Stuart","Dixon","s.dixon@randatmail.com"
"Maddie","Turner","m.turner@randatmail.com"
"Isabella","Edwards","i.edwards@randatmail.com"
"Jacob","Morgan","j.morgan@randatmail.com"
"Aston","Russell","a.russell@randatmail.com"
"Joyce","Mitchell","j.mitchell@randatmail.com"
"Eric","Brown","e.brown@randatmail.com"
"Garry","Turner","g.turner@randatmail.com"
"Alissa","Andrews","a.andrews@randatmail.com"
"Kellan","Rogers","k.rogers@randatmail.com"
"Violet","Smith","v.smith@randatmail.com"
"Marcus","Douglas","m.douglas@randatmail.com"
"Ada","Ferguson","a.ferguson@randatmail.com"
"Alfred","Alexander","a.alexander@randatmail.com"
"Kelvin","Cole","k.cole@randatmail.com"
"Anna","Taylor","a.taylor@randatmail.com"
"Ashton","Roberts","a.roberts@randatmail.com"
"Lucy","Kelley","l.kelley@randatmail.com"
"Gianna","Johnson","g.johnson@randatmail.com"
"Ryan","Payne","r.payne@randatmail.com"
"Amanda","Parker","a.parker@randatmail.com"
"Grace","Craig","g.craig@randatmail.com"
"James","Casey","j.casey@randatmail.com"
"Isabella","Ryan","i.ryan@randatmail.com"
"Aiden","Kelley","a.kelley@randatmail.com"
"Abraham","Richardson","a.richardson@randatmail.com"
"Rosie","Cameron","r.cameron@randatmail.com"
"Connie","Roberts","c.roberts@randatmail.com"
"Abraham","Fowler","a.fowler@randatmail.com"
"Kellan","Stevens","k.stevens@randatmail.com"
"Alexander","Harper","a.harper@randatmail.com"
"Sophia","Casey","s.casey@randatmail.com"
"Sophia","Morrison","s.morrison@randatmail.com"
"Tiana","Watson","t.watson@randatmail.com"
"Alfred","Nelson","a.nelson@randatmail.com"
"Honey","Montgomery","h.montgomery@randatmail.com"
"Alfred","Holmes","a.holmes@randatmail.com"
"Fenton","Payne","f.payne@randatmail.com"
"Emily","Morris","e.morris@randatmail.com"
"Robert","Chapman","r.chapman@randatmail.com"
"Kate","Thompson","k.thompson@randatmail.com"
"Charlotte","Hill","c.hill@randatmail.com"
"Alen","Howard","a.howard@randatmail.com"
"Ashton","Wright","a.wright@randatmail.com"
"Tiana","Perry","t.perry@randatmail.com"
"Victoria","Gray","v.gray@randatmail.com"
"Alan","Johnson","a.johnson@randatmail.com"
"Vivian","Robinson","v.robinson@randatmail.com"
"Amber","Murray","a.murray@randatmail.com"
"Maddie","Murphy","m.murphy@randatmail.com"
"Alfred","Ross","a.ross@randatmail.com"
"Stuart","Roberts","s.roberts@randatmail.com"
"Arthur","Davis","a.davis@randatmail.com"
"Byron","Thompson","b.thompson@randatmail.com"
"Belinda","Smith","b.smith@randatmail.com"
"Paul","Smith","p.smith@randatmail.com"
"Agata","Davis","a.davis@randatmail.com"
"Aldus","Taylor","a.taylor@randatmail.com"
"Roland","Dixon","r.dixon@randatmail.com"
"Aiden","Bailey","a.bailey@randatmail.com"
"Ryan","Carroll","r.carroll@randatmail.com"
"Thomas","Wells","t.wells@randatmail.com"
"Catherine","Perkins","c.perkins@randatmail.com"
"Sabrina","Elliott","s.elliott@randatmail.com"
"Lilianna","Johnson","l.johnson@randatmail.com"
"Jack","Cameron","j.cameron@randatmail.com"
"Arthur","Harris","a.harris@randatmail.com"
"Lenny","Brown","l.brown@randatmail.com"
"Maximilian","Owens","m.owens@randatmail.com"
"Garry","Warren","g.warren@randatmail.com"
"Stuart","Parker","s.parker@randatmail.com"
"Adele","Stevens","a.stevens@randatmail.com"
"Martin","Miller","m.miller@randatmail.com"
"Victoria","Chapman","v.chapman@randatmail.com"
"Adison","Hawkins","a.hawkins@randatmail.com"
"Roman","Stewart","r.stewart@randatmail.com"
"Cadie","Casey","c.casey@randatmail.com"
"Kate","Perkins","k.perkins@randatmail.com"
"Oscar","Andrews","o.andrews@randatmail.com"
"Catherine","Harrison","c.harrison@randatmail.com"
"Carl","Mason","c.mason@randatmail.com"
"Alen","Wilson","a.wilson@randatmail.com"
"Patrick","Moore","p.moore@randatmail.com"
"Tess","Brooks","t.brooks@randatmail.com"
"Adam","Wilson","a.wilson@randatmail.com"
"Darcy","West","d.west@randatmail.com"
"Rebecca","Stewart","r.stewart@randatmail.com"
"Anna","Kelly","a.kelly@randatmail.com"
"Edgar","Alexander","e.alexander@randatmail.com"
"Aldus","Thomas","a.thomas@randatmail.com"
"Julian","Smith","j.smith@randatmail.com"
"Patrick","Phillips","p.phillips@randatmail.com"
"Lenny","Perkins","l.perkins@randatmail.com"
"Aston","Kelley","a.kelley@randatmail.com"
"Amelia","Phillips","a.phillips@randatmail.com"
"Isabella","Harper","i.harper@randatmail.com"
"Darcy","Hill","d.hill@randatmail.com"
"Evelyn","Morgan","e.morgan@randatmail.com"
"Stuart","Fowler","s.fowler@randatmail.com"
"Audrey","Parker","a.parker@randatmail.com"
"Spike","Ferguson","s.ferguson@randatmail.com"
"Kevin","Cameron","k.cameron@randatmail.com"
"Owen","Ferguson","o.ferguson@randatmail.com"
"Ashton","Stevens","a.stevens@randatmail.com"
"Daniel","Perry","d.perry@randatmail.com"
"Aida","Brown","a.brown@randatmail.com"
"Cherry","Clark","c.clark@randatmail.com"
"Connie","Jones","c.jones@randatmail.com"
"Frederick","Perkins","f.perkins@randatmail.com"
"James","Foster","j.foster@randatmail.com"
"Owen","Anderson","o.anderson@randatmail.com"
"Edith","Tucker","e.tucker@randatmail.com"
"Ned","Dixon","n.dixon@randatmail.com"
"Edwin","Wright","e.wright@randatmail.com"
"Adrian","Moore","a.moore@randatmail.com"
"Adam","Russell","a.russell@randatmail.com"
"Ned","Armstrong","n.armstrong@randatmail.com"
"Mike","Chapman","m.chapman@randatmail.com"
"Lyndon","Armstrong","l.armstrong@randatmail.com"
"Arnold","Cunningham","a.cunningham@randatmail.com"
"Amy","West","a.west@randatmail.com"
"Vivian","Baker","v.baker@randatmail.com"
"Arnold","Murray","a.murray@randatmail.com"
"Jacob","Walker","j.walker@randatmail.com"
"Tiana","Brooks","t.brooks@randatmail.com"
"Sofia","Murphy","s.murphy@randatmail.com"
"Emily","Walker","e.walker@randatmail.com"
"Edward","Turner","e.turner@randatmail.com"
"Paul","Wright","p.wright@randatmail.com"
"Ned","Wells","n.wells@randatmail.com"
"Leonardo","Edwards","l.edwards@randatmail.com"
"Florrie","Hill","f.hill@randatmail.com"
"Abigail","Carroll","a.carroll@randatmail.com"
"Amelia","Carroll","a.carroll@randatmail.com"
"Aldus","Sullivan","a.sullivan@randatmail.com"
"Rubie","Gray","r.gray@randatmail.com"
"Walter","Wright","w.wright@randatmail.com"
"Sophia","Stewart","s.stewart@randatmail.com"
"Madaline","Hill","m.hill@randatmail.com"
"Adele","Riley","a.riley@randatmail.com"
"Frederick","Robinson","f.robinson@randatmail.com"
"Kelsey","Hill","k.hill@randatmail.com"
"Bruce","Scott","b.scott@randatmail.com"
"Grace","Sullivan","g.sullivan@randatmail.com"
"Briony","Barnes","b.barnes@randatmail.com"
"Chelsea","Adams","c.adams@randatmail.com"
"Jacob","Murray","j.murray@randatmail.com"
"Mike","Carter","m.carter@randatmail.com"
"Steven","Hill","s.hill@randatmail.com"
"Justin","Craig","j.craig@randatmail.com"
"Jacob","Kelley","j.kelley@randatmail.com"
"Martin","Murray","m.murray@randatmail.com"
"Emma","Howard","e.howard@randatmail.com"
"Alfred","Andrews","a.andrews@randatmail.com"
"Edward","Jones","e.jones@randatmail.com"
"Fiona","Perry","f.perry@randatmail.com"
"Kelvin","Stewart","k.stewart@randatmail.com"
"Deanna","Morris","d.morris@randatmail.com"
"Maximilian","Myers","m.myers@randatmail.com"
"Stuart","Thompson","s.thompson@randatmail.com"
"Carlos","Armstrong","c.armstrong@randatmail.com"
"Nicholas","Johnson","n.johnson@randatmail.com"
"Lucas","Farrell","l.farrell@randatmail.com"
"Charlotte","Taylor","c.taylor@randatmail.com"
"Mary","Crawford","m.crawford@randatmail.com"
"Ellia","Kelly","e.kelly@randatmail.com"
"Daniel","Warren","d.warren@randatmail.com"
"Michael","Bennett","m.bennett@randatmail.com"
"Aldus","Thompson","a.thompson@randatmail.com"
"Darcy","Richards","d.richards@randatmail.com"
"Lucas","Mason","l.mason@randatmail.com"
"Sienna","Warren","s.warren@randatmail.com"
"Lily","Mason","l.mason@randatmail.com"
"Dominik","Warren","d.warren@randatmail.com"
"Adam","Howard","a.howard@randatmail.com"
"Penelope","Ferguson","p.ferguson@randatmail.com"
"Aiden","Chapman","a.chapman@randatmail.com"
"Walter","Cooper","w.cooper@randatmail.com"
"Alfred","Owens","a.owens@randatmail.com"
"Owen","Harper","o.harper@randatmail.com"
"Kelvin","Adams","k.adams@randatmail.com"
"Harold","Edwards","h.edwards@randatmail.com"
"Albert","Fowler","a.fowler@randatmail.com"
"Alissa","Chapman","a.chapman@randatmail.com"
"Patrick","Jones","p.jones@randatmail.com"
"Rebecca","Russell","r.russell@randatmail.com"
"Tara","Murphy","t.murphy@randatmail.com"
"Melissa","Richardson","m.richardson@randatmail.com"
"Melissa","Kelley","m.kelley@randatmail.com"
"Maya","Scott","m.scott@randatmail.com"
"Alina","Reed","a.reed@randatmail.com"
"Deanna","Carroll","d.carroll@randatmail.com"
"Sarah","Johnston","s.johnston@randatmail.com"
"Kristian","Hall","k.hall@randatmail.com"
"Alexander","Hall","a.hall@randatmail.com"
"Emily","Scott","e.scott@randatmail.com"
"Roland","Thompson","r.thompson@randatmail.com"
"Annabella","Payne","a.payne@randatmail.com"
"John","Phillips","j.phillips@randatmail.com"
"Amy","Campbell","a.campbell@randatmail.com"
"Patrick","Bailey","p.bailey@randatmail.com"
"Ashton","Davis","a.davis@randatmail.com"
"Eric","Hunt","e.hunt@randatmail.com"
"David","Ross","d.ross@randatmail.com"
"Sophia","Anderson","s.anderson@randatmail.com"
"Sarah","Rogers","s.rogers@randatmail.com"
"Adrianna","Bailey","a.bailey@randatmail.com"
"Owen","Wilson","o.wilson@randatmail.com"
"Sienna","Brown","s.brown@randatmail.com"
"Maximilian","Smith","m.smith@randatmail.com"
"Nicole","Murray","n.murray@randatmail.com"
"Frederick","Montgomery","f.montgomery@randatmail.com"
"Preston","Evans","p.evans@randatmail.com"
"Dainton","Mason","d.mason@randatmail.com"
"Miller","Gibson","m.gibson@randatmail.com"
"Evelyn","Murphy","e.murphy@randatmail.com"
"Thomas","Mason","t.mason@randatmail.com"
"Andrew","Armstrong","a.armstrong@randatmail.com"
"Jacob","Farrell","j.farrell@randatmail.com"
"Max","Payne","m.payne@randatmail.com"
"Lily","Richardson","l.richardson@randatmail.com"
"Charlie","Wright","c.wright@randatmail.com"
"Arianna","Ferguson","a.ferguson@randatmail.com"
"Elian","Richards","e.richards@randatmail.com"
"Roland","Cooper","r.cooper@randatmail.com"
"Lilianna","Martin","l.martin@randatmail.com"
"Luke","Ellis","l.ellis@randatmail.com"
"Bruce","Tucker","b.tucker@randatmail.com"
"Andrew","Perry","a.perry@randatmail.com"
"Caroline","Riley","c.riley@randatmail.com"
"Aida","Clark","a.clark@randatmail.com"
"Charlie","Murray","c.murray@randatmail.com"
"Tess","Russell","t.russell@randatmail.com"
"Alina","Edwards","a.edwards@randatmail.com"
"Kate","Dixon","k.dixon@randatmail.com"
"Lenny","Kelley","l.kelley@randatmail.com"
"Natalie","Warren","n.warren@randatmail.com"
"Alina","Walker","a.walker@randatmail.com"
"Isabella","Brooks","i.brooks@randatmail.com"
"Tess","Thomas","t.thomas@randatmail.com"
"Charlie","Cunningham","c.cunningham@randatmail.com"
"Alisa","Turner","a.turner@randatmail.com"
"Samantha","Johnston","s.johnston@randatmail.com"
"Sam","Jones","s.jones@randatmail.com"
"Lily","Harris","l.harris@randatmail.com"
"Steven","Allen","s.allen@randatmail.com"
"Chelsea","Mason","c.mason@randatmail.com"
"Sydney","Thompson","s.thompson@randatmail.com"
"Leonardo","Williams","l.williams@randatmail.com"
"Alisa","West","a.west@randatmail.com"
"Miley","Williams","m.williams@randatmail.com"
"Alexander","Johnson","a.johnson@randatmail.com"
"Albert","Morrison","a.morrison@randatmail.com"
"Garry","Elliott","g.elliott@randatmail.com"
"David","Stevens","d.stevens@randatmail.com"
"Kimberly","Barnes","k.barnes@randatmail.com"
"Miller","Thompson","m.thompson@randatmail.com"
"Lyndon","Casey","l.casey@randatmail.com"
"Ted","Fowler","t.fowler@randatmail.com"
"Aston","Tucker","a.tucker@randatmail.com"
"Kirsten","Craig","k.craig@randatmail.com"
"Jessica","Bailey","j.bailey@randatmail.com"
"Darcy","Harris","d.harris@randatmail.com"
"Abigail","Payne","a.payne@randatmail.com"
"Roland","Perry","r.perry@randatmail.com"
"Carl","Roberts","c.roberts@randatmail.com"
"Wilson","Armstrong","w.armstrong@randatmail.com"
"Justin","Kelley","j.kelley@randatmail.com"
"Chloe","Ross","c.ross@randatmail.com"
"Maria","Howard","m.howard@randatmail.com"
"Honey","Ryan","h.ryan@randatmail.com"
"Harold","Anderson","h.anderson@randatmail.com"
"Vivian","Turner","v.turner@randatmail.com"
"Edward","Wilson","e.wilson@randatmail.com"
"Miley","Miller","m.miller@randatmail.com"
"Walter","Foster","w.foster@randatmail.com"
"Adrianna","Cunningham","a.cunningham@randatmail.com"
"Madaline","Elliott","m.elliott@randatmail.com"
"Kimberly","Alexander","k.alexander@randatmail.com"
"Garry","Alexander","g.alexander@randatmail.com"
"Elise","Cooper","e.cooper@randatmail.com"
"Miranda","Sullivan","m.sullivan@randatmail.com"
"Reid","Harris","r.harris@randatmail.com"
"Alen","Walker","a.walker@randatmail.com"
"Camila","Robinson","c.robinson@randatmail.com"
"Max","Henderson","m.henderson@randatmail.com"
"Roland","Foster","r.foster@randatmail.com"
"Richard","Higgins","r.higgins@randatmail.com"
"Jessica","Chapman","j.chapman@randatmail.com"
"Robert","Stevens","r.stevens@randatmail.com"
"Alina","Gibson","a.gibson@randatmail.com"
"Kirsten","Mitchell","k.mitchell@randatmail.com"
"Lucia","Crawford","l.crawford@randatmail.com"
"Grace","Owens","g.owens@randatmail.com"
"Alen","Ryan","a.ryan@randatmail.com"
"Walter","Morris","w.morris@randatmail.com"
"Sam","Hall","s.hall@randatmail.com"
"Wilson","Andrews","w.andrews@randatmail.com"
"Anna","Parker","a.parker@randatmail.com"
"Oliver","Richards","o.richards@randatmail.com"
"Rebecca","Fowler","r.fowler@randatmail.com"
"Kristian","Kelley","k.kelley@randatmail.com"
"Naomi","Williams","n.williams@randatmail.com"
"Aldus","Tucker","a.tucker@randatmail.com"
"Alberta","Grant","a.grant@randatmail.com"
"Adele","Ryan","a.ryan@randatmail.com"
"Charlotte","Elliott","c.elliott@randatmail.com"
"Edward","Adams","e.adams@randatmail.com"
"Julia","Douglas","j.douglas@randatmail.com"
"Lilianna","Harris","l.harris@randatmail.com"
"Victor","Adams","v.adams@randatmail.com"
"Tara","Johnson","t.johnson@randatmail.com"
"Dainton","Cooper","d.cooper@randatmail.com"
"Eddy","Bennett","e.bennett@randatmail.com"
"Jared","Murray","j.murray@randatmail.com"
"Alan","Craig","a.craig@randatmail.com"
"Isabella","Nelson","i.nelson@randatmail.com"
"Reid","Foster","r.foster@randatmail.com"
"Rebecca","Chapman","r.chapman@randatmail.com"
"Miller","Watson","m.watson@randatmail.com"
"Alexia","Chapman","a.chapman@randatmail.com"
"Ned","Harrison","n.harrison@randatmail.com"
"Marcus","Hawkins","m.hawkins@randatmail.com"
"Ashton","West","a.west@randatmail.com"
"Charlotte","Harper","c.harper@randatmail.com"
"Blake","West","b.west@randatmail.com"
"Jack","Martin","j.martin@randatmail.com"
"Chelsea","Reed","c.reed@randatmail.com"
"Alford","Ellis","a.ellis@randatmail.com"
"Edith","Craig","e.craig@randatmail.com"
"Oliver","Barnes","o.barnes@randatmail.com"
"Amber","Gibson","a.gibson@randatmail.com"
"Maria","Casey","m.casey@randatmail.com"
"Chester","Grant","c.grant@randatmail.com"
"Richard","Chapman","r.chapman@randatmail.com"
"Abraham","Wilson","a.wilson@randatmail.com"
"Spike","Hawkins","s.hawkins@randatmail.com"
"Mary","Richardson","m.richardson@randatmail.com"
"Alfred","Payne","a.payne@randatmail.com"
"Abigail","Baker","a.baker@randatmail.com"
"Sienna","Richards","s.richards@randatmail.com"
"Cherry","Allen","c.allen@randatmail.com"
"Aida","Miller","a.miller@randatmail.com"
"Lydia","Hall","l.hall@randatmail.com"
"Frederick","Hamilton","f.hamilton@randatmail.com"
"Florrie","Davis","f.davis@randatmail.com"
"Alfred","Spencer","a.spencer@randatmail.com"
"Daisy","Johnston","d.johnston@randatmail.com"
"Honey","Grant","h.grant@randatmail.com"
"Clark","Martin","c.martin@randatmail.com"
"Ellia","Thompson","e.thompson@randatmail.com"
"Sabrina","Adams","s.adams@randatmail.com"
"Tiana","Ross","t.ross@randatmail.com"
"Walter","Johnston","w.johnston@randatmail.com"
"Heather","Farrell","h.farrell@randatmail.com"
"Nicholas","Thomas","n.thomas@randatmail.com"
"Sofia","West","s.west@randatmail.com"
"Kimberly","Chapman","k.chapman@randatmail.com"
"Rebecca","Williams","r.williams@randatmail.com"
"Owen","Warren","o.warren@randatmail.com"
"Dainton","Montgomery","d.montgomery@randatmail.com"
"Maddie","Martin","m.martin@randatmail.com"
"Florrie","Harrison","f.harrison@randatmail.com"
"John","Montgomery","j.montgomery@randatmail.com"
"Aldus","Carroll","a.carroll@randatmail.com"
"Isabella","Richards","i.richards@randatmail.com"
"James","Sullivan","j.sullivan@randatmail.com"
"James","Kelley","j.kelley@randatmail.com"
"John","Cooper","j.cooper@randatmail.com"
"Alford","Carroll","a.carroll@randatmail.com"
"Jordan","Harrison","j.harrison@randatmail.com"
"Kate","Cunningham","k.cunningham@randatmail.com"
"Justin","Martin","j.martin@randatmail.com"
"Connie","Davis","c.davis@randatmail.com"
"Madaline","Baker","m.baker@randatmail.com"
"Steven","Edwards","s.edwards@randatmail.com"
"Clark","Harris","c.harris@randatmail.com"
"Fiona","Sullivan","f.sullivan@randatmail.com"
"Elian","Craig","e.craig@randatmail.com"
"Clark","Henderson","c.henderson@randatmail.com"
"Mary","Stevens","m.stevens@randatmail.com"
"Kimberly","Farrell","k.farrell@randatmail.com"
"Jared","Clark","j.clark@randatmail.com"
"Ryan","Hall","r.hall@randatmail.com"
"Mike","Cole","m.cole@randatmail.com"
"Lily","Ryan","l.ryan@randatmail.com"
"Dominik","Hill","d.hill@randatmail.com"
"Gianna","West","g.west@randatmail.com"
"Julia","Stewart","j.stewart@randatmail.com"
"Robert","Miller","r.miller@randatmail.com"
"Alisa","Wright","a.wright@randatmail.com"
"Kevin","Jones","k.jones@randatmail.com"
"Carina","Foster","c.foster@randatmail.com"
"Walter","Williams","w.williams@randatmail.com"
"Rebecca","Rogers","r.rogers@randatmail.com"
"Fenton","Russell","f.russell@randatmail.com"
"Abraham","Carroll","a.carroll@randatmail.com"
"Abraham","Casey","a.casey@randatmail.com"
"Mike","Bailey","m.bailey@randatmail.com"
"Sienna","Roberts","s.roberts@randatmail.com"
"Mike","Holmes","m.holmes@randatmail.com"
"Alina","Bailey","a.bailey@randatmail.com"
"Natalie","Ross","n.ross@randatmail.com"
"Darcy","Gibson","d.gibson@randatmail.com"
"Jasmine","Thompson","j.thompson@randatmail.com"
"Aiden","Howard","a.howard@randatmail.com"
"John","Ross","j.ross@randatmail.com"
"Roland","Carroll","r.carroll@randatmail.com"
"William","Cameron","w.cameron@randatmail.com"
"Henry","Johnston","h.johnston@randatmail.com"
"Charlotte","Carroll","c.carroll@randatmail.com"
"Miranda","Morgan","m.morgan@randatmail.com"
"Eddy","Hunt","e.hunt@randatmail.com"
"Adam","Gray","a.gray@randatmail.com"
"Dexter","Hall","d.hall@randatmail.com"
"Michelle","Howard","m.howard@randatmail.com"
"Sabrina","Hill","s.hill@randatmail.com"
"Arnold","Perkins","a.perkins@randatmail.com"
"Hailey","Stewart","h.stewart@randatmail.com"
"Dainton","Russell","d.russell@randatmail.com"
"Luke","Richards","l.richards@randatmail.com"
"Harold","Campbell","h.campbell@randatmail.com"
"Daryl","Hill","d.hill@randatmail.com"
"Lydia","Howard","l.howard@randatmail.com"
"Julia","Warren","j.warren@randatmail.com"
"Maximilian","Casey","m.casey@randatmail.com"
"Daisy","Armstrong","d.armstrong@randatmail.com"
"Ryan","Wells","r.wells@randatmail.com"
"Victor","Kelley","v.kelley@randatmail.com"
"Luke","Dixon","l.dixon@randatmail.com"
"Jack","Thomas","j.thomas@randatmail.com"
"Henry","Smith","h.smith@randatmail.com"
"Sabrina","Cameron","s.cameron@randatmail.com"
"Aston","Craig","a.craig@randatmail.com"
"Adele","Perry","a.perry@randatmail.com"
"Stella","Johnston","s.johnston@randatmail.com"
"Jared","Warren","j.warren@randatmail.com"
"Heather","Cameron","h.cameron@randatmail.com"
"Alisa","Farrell","a.farrell@randatmail.com"
"Antony","Adams","a.adams@randatmail.com"
"Daisy","Payne","d.payne@randatmail.com"
"Aiden","Farrell","a.farrell@randatmail.com"
"Steven","Warren","s.warren@randatmail.com"
"Aston","Warren","a.warren@randatmail.com"
"Kirsten","Lloyd","k.lloyd@randatmail.com"
"Nicole","Stevens","n.stevens@randatmail.com"
"Lily","Myers","l.myers@randatmail.com"
"Frederick","Cameron","f.cameron@randatmail.com"
"William","Chapman","w.chapman@randatmail.com"
"Michael","Cameron","m.cameron@randatmail.com"
"Marcus","Bennett","m.bennett@randatmail.com"
"John","Rogers","j.rogers@randatmail.com"
"Amanda","Brooks","a.brooks@randatmail.com"
"Victor","Walker","v.walker@randatmail.com"
"Adele","Campbell","a.campbell@randatmail.com"
"Rubie","Stewart","r.stewart@randatmail.com"
"Garry","Thompson","g.thompson@randatmail.com"
"Amanda","Harrison","a.harrison@randatmail.com"
"Sienna","Robinson","s.robinson@randatmail.com"
"Michelle","Riley","m.riley@randatmail.com"
"Lucy","Cooper","l.cooper@randatmail.com"
"Henry","Thomas","h.thomas@randatmail.com"
"Preston","Ellis","p.ellis@randatmail.com"
"Maddie","Thomas","m.thomas@randatmail.com"
"Arianna","Hall","a.hall@randatmail.com"
"Ada","Hawkins","a.hawkins@randatmail.com"
"Ned","Johnson","n.johnson@randatmail.com"
"Emma","Mason","e.mason@randatmail.com"
"Roland","Watson","r.watson@randatmail.com"
"Jessica","Mitchell","j.mitchell@randatmail.com"
"Jasmine","Rogers","j.rogers@randatmail.com"
"Jenna","Phillips","j.phillips@randatmail.com"
"Aston","Thomas","a.thomas@randatmail.com"
"Dainton","Wright","d.wright@randatmail.com"
"Charlotte","Richardson","c.richardson@randatmail.com"
"Nicole","Parker","n.parker@randatmail.com"
"Grace","Campbell","g.campbell@randatmail.com"
"Haris","Myers","h.myers@randatmail.com"
"Lana","Hall","l.hall@randatmail.com"
"Edgar","West","e.west@randatmail.com"
"Miranda","Holmes","m.holmes@randatmail.com"
"Dominik","Chapman","d.chapman@randatmail.com"
"Connie","Bennett","c.bennett@randatmail.com"
"Frederick","Wells","f.wells@randatmail.com"
"Melissa","Hall","m.hall@randatmail.com"
"Richard","Sullivan","r.sullivan@randatmail.com"
"Julia","Perkins","j.perkins@randatmail.com"
"Justin","Smith","j.smith@randatmail.com"
"Frederick","Barrett","f.barrett@randatmail.com"
"Isabella","Wilson","i.wilson@randatmail.com"
"Lana","Morgan","l.morgan@randatmail.com"
"Fiona","Moore","f.moore@randatmail.com"
"Elian","Turner","e.turner@randatmail.com"
"Catherine","Hawkins","c.hawkins@randatmail.com"
"Eric","Johnson","e.johnson@randatmail.com"
"Florrie","Campbell","f.campbell@randatmail.com"
"Gianna","Cooper","g.cooper@randatmail.com"
"Kirsten","Parker","k.parker@randatmail.com"
"April","Carroll","a.carroll@randatmail.com"
"Michael","Holmes","m.holmes@randatmail.com"
"Lyndon","Perry","l.perry@randatmail.com"
"Freddie","Stewart","f.stewart@randatmail.com"
"Lucia","Robinson","l.robinson@randatmail.com"
"Victoria","Riley","v.riley@randatmail.com"
"Melissa","Perkins","m.perkins@randatmail.com"
"Anna","Watson","a.watson@randatmail.com"
"Ned","Hunt","n.hunt@randatmail.com"
"James","Barnes","j.barnes@randatmail.com"
"Edward","Dixon","e.dixon@randatmail.com"
"Evelyn","Howard","e.howard@randatmail.com"
"Alexia","Richardson","a.richardson@randatmail.com"
"Carl","Spencer","c.spencer@randatmail.com"
"Victoria","Holmes","v.holmes@randatmail.com"
"Max","Mason","m.mason@randatmail.com"
"Daniel","Mitchell","d.mitchell@randatmail.com"
"Alan","Sullivan","a.sullivan@randatmail.com"
"Steven","Douglas","s.douglas@randatmail.com"
"Harold","Parker","h.parker@randatmail.com"
"Jacob","Perry","j.perry@randatmail.com"
"Antony","Baker","a.baker@randatmail.com"
"Melissa","Turner","m.turner@randatmail.com"
"Arianna","Ross","a.ross@randatmail.com"
"Ada","Richards","a.richards@randatmail.com"
"Sophia","Owens","s.owens@randatmail.com"
"Edward","Grant","e.grant@randatmail.com"
"Dale","Miller","d.miller@randatmail.com"
"Alfred","Craig","a.craig@randatmail.com"
"Darcy","Alexander","d.alexander@randatmail.com"
"Leonardo","Gibson","l.gibson@randatmail.com"
"Eric","Stewart","e.stewart@randatmail.com"
"Maddie","Holmes","m.holmes@randatmail.com"
"Paul","Perkins","p.perkins@randatmail.com"
"Lana","Hawkins","l.hawkins@randatmail.com"
"Lilianna","Bennett","l.bennett@randatmail.com"
"Melanie","Perkins","m.perkins@randatmail.com"
"Michael","Cooper","m.cooper@randatmail.com"
"Alexander","Cunningham","a.cunningham@randatmail.com"
"Paige","Grant","p.grant@randatmail.com"
"Frederick","Wilson","f.wilson@randatmail.com"
"Cadie","Mitchell","c.mitchell@randatmail.com"
"Maria","Carroll","m.carroll@randatmail.com"
"Adison","Morris","a.morris@randatmail.com"
"Jasmine","Harper","j.harper@randatmail.com"
"Leonardo","Morris","l.morris@randatmail.com"
"Lucas","Thomas","l.thomas@randatmail.com"
"John","Elliott","j.elliott@randatmail.com"
"Adele","Andrews","a.andrews@randatmail.com"
"Sydney","Farrell","s.farrell@randatmail.com"
"Lily","Andrews","l.andrews@randatmail.com"
"Violet","Parker","v.parker@randatmail.com"
"Lucas","Perry","l.perry@randatmail.com"
"Lucas","Watson","l.watson@randatmail.com"
"Haris","Perry","h.perry@randatmail.com"
"Catherine","Moore","c.moore@randatmail.com"
"Chelsea","Myers","c.myers@randatmail.com"
"Arianna","Campbell","a.campbell@randatmail.com"
"Gianna","Howard","g.howard@randatmail.com"
"Vivian","Dixon","v.dixon@randatmail.com"
"Samantha","Perkins","s.perkins@randatmail.com"
"Ellia","Cooper","e.cooper@randatmail.com"
"Freddie","Farrell","f.farrell@randatmail.com"
"Paige","Miller","p.miller@randatmail.com"
"Daniel","Hall","d.hall@randatmail.com"
"Elian","Wells","e.wells@randatmail.com"
"James","Baker","j.baker@randatmail.com"
"Lana","Alexander","l.alexander@randatmail.com"
"Victoria","Cole","v.cole@randatmail.com"
"Preston","Crawford","p.crawford@randatmail.com"
"Eddy","Farrell","e.farrell@randatmail.com"
"Evelyn","Elliott","e.elliott@randatmail.com"
"Adrian","Cameron","a.cameron@randatmail.com"
"Natalie","Rogers","n.rogers@randatmail.com"
"Maximilian","Grant","m.grant@randatmail.com"
"Ned","Harper","n.harper@randatmail.com"
"Madaline","Sullivan","m.sullivan@randatmail.com"
"James","Harris","j.harris@randatmail.com"
"Arnold","Davis","a.davis@randatmail.com"
"April","Sullivan","a.sullivan@randatmail.com"
"Dexter","Fowler","d.fowler@randatmail.com"
"Chelsea","Wright","c.wright@randatmail.com"
"Dominik","Montgomery","d.montgomery@randatmail.com"
"Sophia","Edwards","s.edwards@randatmail.com"
"Miranda","Adams","m.adams@randatmail.com"
"Alissa","Murphy","a.murphy@randatmail.com"
"Ada","Parker","a.parker@randatmail.com"
"Tyler","Tucker","t.tucker@randatmail.com"
"Myra","Rogers","m.rogers@randatmail.com"
"Ryan","Evans","r.evans@randatmail.com"
"Harold","Cooper","h.cooper@randatmail.com"
"Justin","Russell","j.russell@randatmail.com"
"Amy","Roberts","a.roberts@randatmail.com"
"George","Nelson","g.nelson@randatmail.com"
"Elian","Grant","e.grant@randatmail.com"
"Elian","Andrews","e.andrews@randatmail.com"
"Michelle","Russell","m.russell@randatmail.com"
"Emma","Cole","e.cole@randatmail.com"
"Tara","Murray","t.murray@randatmail.com"
"Wilson","Morgan","w.morgan@randatmail.com"
"Vivian","Ryan","v.ryan@randatmail.com"
"Thomas","Richards","t.richards@randatmail.com"
"Audrey","Myers","a.myers@randatmail.com"
"Luke","Wright","l.wright@randatmail.com"
"Ellia","Dixon","e.dixon@randatmail.com"
"Olivia","Allen","o.allen@randatmail.com"
"Adison","Howard","a.howard@randatmail.com"
"Miranda","Miller","m.miller@randatmail.com"
"Sabrina","Williams","s.williams@randatmail.com"
"Kevin","Harper","k.harper@randatmail.com"
"Honey","Clark","h.clark@randatmail.com"
"Haris","Crawford","h.crawford@randatmail.com"
"Fiona","Robinson","f.robinson@randatmail.com"
"Luke","Anderson","l.anderson@randatmail.com"
"Byron","Perkins","b.perkins@randatmail.com"
"Dexter","Holmes","d.holmes@randatmail.com"
"Martin","Bennett","m.bennett@randatmail.com"
"Daisy","Howard","d.howard@randatmail.com"
"Sofia","Taylor","s.taylor@randatmail.com"
"Byron","Nelson","b.nelson@randatmail.com"
"Adelaide","Ferguson","a.ferguson@randatmail.com"
"Lana","Spencer","l.spencer@randatmail.com"
"Antony","Elliott","a.elliott@randatmail.com"
"George","Kelley","g.kelley@randatmail.com"
"David","Henderson","d.henderson@randatmail.com"
"Haris","Armstrong","h.armstrong@randatmail.com"
"Patrick","Harrison","p.harrison@randatmail.com"
"Alina","Smith","a.smith@randatmail.com"
"Julian","Lloyd","j.lloyd@randatmail.com"
"Madaline","Carter","m.carter@randatmail.com"
"Victor","Cameron","v.cameron@randatmail.com"
"Mary","Johnson","m.johnson@randatmail.com"
"Chloe","Rogers","c.rogers@randatmail.com"
"Rebecca","Harrison","r.harrison@randatmail.com"
"Sofia","Lloyd","s.lloyd@randatmail.com"
"Kristian","Chapman","k.chapman@randatmail.com"
"Charlotte","Cooper","c.cooper@randatmail.com"
"Alford","Henderson","a.henderson@randatmail.com"
"Abigail","Wells","a.wells@randatmail.com"
"Camila","Evans","c.evans@randatmail.com"
"Elian","Hall","e.hall@randatmail.com"
"Clark","Howard","c.howard@randatmail.com"
"Maya","Anderson","m.anderson@randatmail.com"
"Spike","Ryan","s.ryan@randatmail.com"
"Nicholas","Owens","n.owens@randatmail.com"
"Aldus","Stewart","a.stewart@randatmail.com"
"Antony","Johnson","a.johnson@randatmail.com"
"Stella","Elliott","s.elliott@randatmail.com"
"Florrie","Edwards","f.edwards@randatmail.com"
"Brooke","Kelley","b.kelley@randatmail.com"
"Maddie","Harrison","m.harrison@randatmail.com"
"Tara","Elliott","t.elliott@randatmail.com"
"Fiona","Davis","f.davis@randatmail.com"
"Madaline","Cameron","m.cameron@randatmail.com"
"Alissa","Douglas","a.douglas@randatmail.com"
"Kristian","Williams","k.williams@randatmail.com"
"Adrian","Hamilton","a.hamilton@randatmail.com"
"Carl","Henderson","c.henderson@randatmail.com"
"Alfred","Taylor","a.taylor@randatmail.com"
"Sienna","Martin","s.martin@randatmail.com"
"Rebecca","Myers","r.myers@randatmail.com"
"Carl","Carter","c.carter@randatmail.com"
"Chloe","Ryan","c.ryan@randatmail.com"
"Kate","Cameron","k.cameron@randatmail.com"
"Lily","Tucker","l.tucker@randatmail.com"
"Adele","Hall","a.hall@randatmail.com"
"Chester","Ryan","c.ryan@randatmail.com"
"Sophia","Scott","s.scott@randatmail.com"
"Daniel","Johnson","d.johnson@randatmail.com"
"Camila","Ryan","c.ryan@randatmail.com"
"Natalie","Hill","n.hill@randatmail.com"
"Daniel","Clark","d.clark@randatmail.com"
"Owen","Andrews","o.andrews@randatmail.com"
"Nicholas","Kelley","n.kelley@randatmail.com"
"Maximilian","Perkins","m.perkins@randatmail.com"
"Stella","Turner","s.turner@randatmail.com"
"Sawyer","Carter","s.carter@randatmail.com"
"Penelope","Hawkins","p.hawkins@randatmail.com"
"Evelyn","Phillips","e.phillips@randatmail.com"
"Maddie","Carter","m.carter@randatmail.com"
"Ned","Barnes","n.barnes@randatmail.com"
"April","Adams","a.adams@randatmail.com"
"Mike","Riley","m.riley@randatmail.com"
"Anna","Farrell","a.farrell@randatmail.com"
"Frederick","Foster","f.foster@randatmail.com"
"Alisa","Richards","a.richards@randatmail.com"
"Naomi","Ferguson","n.ferguson@randatmail.com"
"Maria","Alexander","m.alexander@randatmail.com"
"Victor","Watson","v.watson@randatmail.com"
"Adelaide","Thompson","a.thompson@randatmail.com"
"Lenny","Alexander","l.alexander@randatmail.com"
"Deanna","Edwards","d.edwards@randatmail.com"
"Honey","Murray","h.murray@randatmail.com"
"Heather","Gray","h.gray@randatmail.com"
"Miller","Hunt","m.hunt@randatmail.com"
"Daisy","Barnes","d.barnes@randatmail.com"
"Spike","Payne","s.payne@randatmail.com"
"Brianna","Murphy","b.murphy@randatmail.com"
"Emma","Montgomery","e.montgomery@randatmail.com"
"Florrie","Cole","f.cole@randatmail.com"
"Sydney","Grant","s.grant@randatmail.com"
"Emily","Barnes","e.barnes@randatmail.com"
"Emily","Turner","e.turner@randatmail.com"
"Mike","Barrett","m.barrett@randatmail.com"
"Spike","Martin","s.martin@randatmail.com"
"Sienna","Ryan","s.ryan@randatmail.com"
"Derek","Miller","d.miller@randatmail.com"
"Amy","Martin","a.martin@randatmail.com"
"Ryan","Perry","r.perry@randatmail.com"
"Alissa","Cameron","a.cameron@randatmail.com"
"Dainton","Perry","d.perry@randatmail.com"
"Cadie","Andrews","c.andrews@randatmail.com"
"Annabella","Farrell","a.farrell@randatmail.com"
"Maddie","Harris","m.harris@randatmail.com"
"Savana","Morrison","s.morrison@randatmail.com"
"Alissa","Bennett","a.bennett@randatmail.com"
"Julia","Johnson","j.johnson@randatmail.com"
"Violet","Edwards","v.edwards@randatmail.com"
"Dainton","Gibson","d.gibson@randatmail.com"
"Adrian","Henderson","a.henderson@randatmail.com"
"Dale","Moore","d.moore@randatmail.com"
"Ada","Cooper","a.cooper@randatmail.com"
"Paul","Richardson","p.richardson@randatmail.com"
"Aida","Elliott","a.elliott@randatmail.com"
"Owen","Grant","o.grant@randatmail.com"
"David","Smith","d.smith@randatmail.com"
"Roman","Henderson","r.henderson@randatmail.com"
"Sabrina","Moore","s.moore@randatmail.com"
"Lucy","Alexander","l.alexander@randatmail.com"
"Oliver","Perry","o.perry@randatmail.com"
"Adison","Warren","a.warren@randatmail.com"
"Charlie","Alexander","c.alexander@randatmail.com"
"Samantha","Tucker","s.tucker@randatmail.com"
"Savana","Douglas","s.douglas@randatmail.com"
"Rubie","Reed","r.reed@randatmail.com"
"Vanessa","Hill","v.hill@randatmail.com"
"Leonardo","Foster","l.foster@randatmail.com"
"Grace","Reed","g.reed@randatmail.com"
"Amanda","Casey","a.casey@randatmail.com"
"Lucas","Ryan","l.ryan@randatmail.com"
"Stella","Howard","s.howard@randatmail.com"
"Stella","Murray","s.murray@randatmail.com"
"Oliver","Brooks","o.brooks@randatmail.com"
"Sawyer","Evans","s.evans@randatmail.com"
"Naomi","Bennett","n.bennett@randatmail.com"
"Cadie","Cameron","c.cameron@randatmail.com"
"Lucy","Wilson","l.wilson@randatmail.com"
"Max","Morrison","m.morrison@randatmail.com"
"Wilson","Anderson","w.anderson@randatmail.com"
"Aida","Craig","a.craig@randatmail.com"
"Eric","Johnston","e.johnston@randatmail.com"
"Adam","Farrell","a.farrell@randatmail.com"
"Richard","Hall","r.hall@randatmail.com"
"Carina","Walker","c.walker@randatmail.com"
"Melanie","Murphy","m.murphy@randatmail.com"
"Alford","Armstrong","a.armstrong@randatmail.com"
"Richard","Campbell","r.campbell@randatmail.com"
"Edgar","Payne","e.payne@randatmail.com"
"Alissa","Harper","a.harper@randatmail.com"
"Carlos","Bennett","c.bennett@randatmail.com"
"Sam","Davis","s.davis@randatmail.com"
"Alford","Perry","a.perry@randatmail.com"
"Sophia","Hawkins","s.hawkins@randatmail.com"
"Gianna","Stewart","g.stewart@randatmail.com"
"Steven","Taylor","s.taylor@randatmail.com"
"Nicholas","Holmes","n.holmes@randatmail.com"
"Sawyer","Holmes","s.holmes@randatmail.com"
"Lydia","Wright","l.wright@randatmail.com"
"Eddy","Morris","e.morris@randatmail.com"
"Derek","Martin","d.martin@randatmail.com"
"Deanna","Ross","d.ross@randatmail.com"
"Vincent","Mason","v.mason@randatmail.com"
"James","Armstrong","j.armstrong@randatmail.com"
"Alford","Dixon","a.dixon@randatmail.com"
"Audrey","Grant","a.grant@randatmail.com"
"Maddie","Scott","m.scott@randatmail.com"
"Eric","Lloyd","e.lloyd@randatmail.com"
"Daniel","Richardson","d.richardson@randatmail.com"
"Daisy","Walker","d.walker@randatmail.com"
"Eleanor","Grant","e.grant@randatmail.com"
"Kate","Thomas","k.thomas@randatmail.com"
"Caroline","Robinson","c.robinson@randatmail.com"
"Bruce","Barrett","b.barrett@randatmail.com"
"Rafael","West","r.west@randatmail.com"
"Adrian","Kelley","a.kelley@randatmail.com"
"Abigail","Murray","a.murray@randatmail.com"
"Ryan","Miller","r.miller@randatmail.com"
"Abigail","Fowler","a.fowler@randatmail.com"
"Ellia","Stevens","e.stevens@randatmail.com"
"Samantha","Cole","s.cole@randatmail.com"
"Rubie","Hall","r.hall@randatmail.com"
"Robert","Armstrong","r.armstrong@randatmail.com"
"Abraham","Montgomery","a.montgomery@randatmail.com"
"Amber","Hamilton","a.hamilton@randatmail.com"
"Aiden","Allen","a.allen@randatmail.com"
"Julia","Higgins","j.higgins@randatmail.com"
"Chelsea","Hamilton","c.hamilton@randatmail.com"
"Rubie","Sullivan","r.sullivan@randatmail.com"
"Mike","Adams","m.adams@randatmail.com"
"Sam","Watson","s.watson@randatmail.com"
"Luke","Miller","l.miller@randatmail.com"
"Amanda","Alexander","a.alexander@randatmail.com"
"Ned","Murphy","n.murphy@randatmail.com"
"Sienna","Wilson","s.wilson@randatmail.com"
"Maximilian","Stevens","m.stevens@randatmail.com"
"Roman","Dixon","r.dixon@randatmail.com"
"Brooke","Farrell","b.farrell@randatmail.com"
"Martin","Ryan","m.ryan@randatmail.com"
"Tyler","Dixon","t.dixon@randatmail.com"
"Lenny","Hamilton","l.hamilton@randatmail.com"
"Carina","Kelley","c.kelley@randatmail.com"
"Amber","Dixon","a.dixon@randatmail.com"
"Wilson","Foster","w.foster@randatmail.com"
"Amelia","Andrews","a.andrews@randatmail.com"
"Daryl","Morris","d.morris@randatmail.com"
"Eddy","Roberts","e.roberts@randatmail.com"
"Lenny","Cunningham","l.cunningham@randatmail.com"
"Ryan","Kelly","r.kelly@randatmail.com"
"Lucy","Payne","l.payne@randatmail.com"
"Sofia","Montgomery","s.montgomery@randatmail.com"
"Ryan","Edwards","r.edwards@randatmail.com"
"Marcus","Wells","m.wells@randatmail.com"
"Ashton","Ferguson","a.ferguson@randatmail.com"
"Carina","Richards","c.richards@randatmail.com"
"Kevin","Johnson","k.johnson@randatmail.com"
"Andrew","Evans","a.evans@randatmail.com"
"Michelle","Foster","m.foster@randatmail.com"
"Aida","Adams","a.adams@randatmail.com"
"Kirsten","Jones","k.jones@randatmail.com"
"Carl","Barrett","c.barrett@randatmail.com"
"Savana","Adams","s.adams@randatmail.com"
"Lydia","Wells","l.wells@randatmail.com"
"Arthur","Harrison","a.harrison@randatmail.com"
"Adam","Walker","a.walker@randatmail.com"
"Belinda","Myers","b.myers@randatmail.com"
"Lily","Murphy","l.murphy@randatmail.com"
"Lydia","Thompson","l.thompson@randatmail.com"
"Henry","Cameron","h.cameron@randatmail.com"
"Adrianna","Harrison","a.harrison@randatmail.com"
"John","Farrell","j.farrell@randatmail.com"
"Carina","Mitchell","c.mitchell@randatmail.com"
"Valeria","Clark","v.clark@randatmail.com"
"Ryan","Foster","r.foster@randatmail.com"
"Cadie","Cole","c.cole@randatmail.com"
"Paul","Davis","p.davis@randatmail.com"
"Nicholas","Moore","n.moore@randatmail.com"
"Robert","Walker","r.walker@randatmail.com"
"Darcy","Jones","d.jones@randatmail.com"
"Stella","Roberts","s.roberts@randatmail.com"
"Ryan","Scott","r.scott@randatmail.com"
"Tara","Lloyd","t.lloyd@randatmail.com"
"Dominik","Richards","d.richards@randatmail.com"
"Max","Martin","m.martin@randatmail.com"
"Spike","Owens","s.owens@randatmail.com"
"Dominik","Russell","d.russell@randatmail.com"
"Daniel","Higgins","d.higgins@randatmail.com"
"Kirsten","Alexander","k.alexander@randatmail.com"
"Frederick","Hawkins","f.hawkins@randatmail.com"
"Mike","Craig","m.craig@randatmail.com"
"Tony","Smith","t.smith@randatmail.com"
"Isabella","Thompson","i.thompson@randatmail.com"
"Adrian","Anderson","a.anderson@randatmail.com"
"Paul","Fowler","p.fowler@randatmail.com"
"Lucas","Smith","l.smith@randatmail.com"
"Lucas","Murphy","l.murphy@randatmail.com"
"Jasmine","Mitchell","j.mitchell@randatmail.com"
"Sarah","Perkins","s.perkins@randatmail.com"
"Marcus","Chapman","m.chapman@randatmail.com"
"Abraham","Higgins","a.higgins@randatmail.com"
"Brianna","Farrell","b.farrell@randatmail.com"
"Eddy","Thomas","e.thomas@randatmail.com"
"Cadie","Owens","c.owens@randatmail.com"
"Eric","Henderson","e.henderson@randatmail.com"
"Dexter","Perry","d.perry@randatmail.com"
"Rosie","Anderson","r.anderson@randatmail.com"
"Roman","Allen","r.allen@randatmail.com"
"James","Wells","j.wells@randatmail.com"
"Sophia","Campbell","s.campbell@randatmail.com"
"Rafael","Craig","r.craig@randatmail.com"
"Daniel","Myers","d.myers@randatmail.com"
"Naomi","Murphy","n.murphy@randatmail.com"
"Kristian","Wells","k.wells@randatmail.com"
"Brooke","Roberts","b.roberts@randatmail.com"
"Abraham","Riley","a.riley@randatmail.com"
"Sydney","Murray","s.murray@randatmail.com"
"Edwin","Moore","e.moore@randatmail.com"
"Maximilian","Barrett","m.barrett@randatmail.com"
"Kate","Alexander","k.alexander@randatmail.com"
"Preston","Williams","p.williams@randatmail.com"
"Daisy","Martin","d.martin@randatmail.com"
"Freddie","Higgins","f.higgins@randatmail.com"
"Tiana","Kelly","t.kelly@randatmail.com"
"Marian","Mleczko","m.mleczko@op.pl"
